{"cameraMode":{"drawMode":0,"name":"Shaded","section":"Shading Mode"},"sceneLighting":false,"audioPlay":false,"sceneViewState":{"showFog":true,"showMaterialUpdate":false,"showSkybox":true,"showFlares":true,"showImageEffects":true,"showParticleSystems":true},"in2DMode":false,"pivot":{"x":214.2206268310547,"y":2.3055849075317385,"z":130.09059143066407},"rotation":{"x":0.0893728956580162,"y":0.7291330695152283,"z":-0.09703829884529114,"w":0.6715363264083862},"size":12.10585880279541,"orthographic":false}