{"cameraMode":{"drawMode":0,"name":"Shaded","section":"Shading Mode"},"sceneLighting":false,"audioPlay":false,"sceneViewState":{"showFog":true,"showMaterialUpdate":false,"showSkybox":true,"showFlares":true,"showImageEffects":true,"showParticleSystems":true},"in2DMode":false,"pivot":{"x":205.99143981933595,"y":3.067101001739502,"z":126.38397216796875},"rotation":{"x":0.0893728956580162,"y":0.7291330695152283,"z":-0.09703829884529114,"w":0.6715363264083862},"size":22.026823043823243,"orthographic":false}