{"cameraMode":{"drawMode":0,"name":"Shaded","section":"Shading Mode"},"sceneLighting":true,"audioPlay":false,"sceneViewState":{"showFog":true,"showMaterialUpdate":false,"showSkybox":true,"showFlares":true,"showImageEffects":true,"showParticleSystems":true},"in2DMode":false,"pivot":{"x":344.9109802246094,"y":11.47518539428711,"z":203.20816040039063},"rotation":{"x":0.10989440232515335,"y":0.7972375154495239,"z":-0.15275830030441285,"w":0.5735856294631958},"size":16.4644718170166,"orthographic":false}