{"cameraMode":{"drawMode":0,"name":"Shaded","section":"Shading Mode"},"sceneLighting":false,"audioPlay":false,"sceneViewState":{"showFog":true,"showMaterialUpdate":false,"showSkybox":true,"showFlares":true,"showImageEffects":true,"showParticleSystems":true},"in2DMode":false,"pivot":{"x":214.68780517578126,"y":3.986144542694092,"z":130.21519470214845},"rotation":{"x":0.0893728956580162,"y":0.7291330695152283,"z":-0.09703829884529114,"w":0.6715363264083862},"size":22.026817321777345,"orthographic":false}