{"cameraMode":{"drawMode":0,"name":"Shaded","section":"Shading Mode"},"sceneLighting":false,"audioPlay":false,"sceneViewState":{"showFog":true,"showMaterialUpdate":false,"showSkybox":true,"showFlares":true,"showImageEffects":true,"showParticleSystems":true},"in2DMode":false,"pivot":{"x":0.20493268966674806,"y":0.9161348342895508,"z":0.8861724138259888},"rotation":{"x":-0.11095713824033737,"y":0.8323334455490112,"z":-0.18028749525547028,"w":-0.5122557878494263},"size":17.897294998168947,"orthographic":false}