{"cameraMode":{"drawMode":0,"name":"Shaded","section":"Shading Mode"},"sceneLighting":true,"audioPlay":false,"sceneViewState":{"showFog":true,"showMaterialUpdate":true,"showSkybox":true,"showFlares":true,"showImageEffects":true,"showParticleSystems":true},"in2DMode":false,"pivot":{"x":229.0360870361328,"y":-8.729827880859375,"z":163.73936462402345},"rotation":{"x":0.0010578391375020147,"y":0.7087998390197754,"z":-0.7054081559181213,"w":0.001062474213540554},"size":233.6773681640625,"orthographic":false}