{"cameraMode":{"drawMode":0,"name":"Shaded","section":"Shading Mode"},"sceneLighting":true,"audioPlay":false,"sceneViewState":{"showFog":true,"showMaterialUpdate":false,"showSkybox":true,"showFlares":true,"showImageEffects":true,"showParticleSystems":true},"in2DMode":false,"pivot":{"x":120.04552459716797,"y":141.72195434570313,"z":-36.28367614746094},"rotation":{"x":0.13262708485126496,"y":0.30396363139152529,"z":-0.0427759550511837,"w":0.9424364566802979},"size":220.38375854492188,"orthographic":false}