{"cameraMode":{"drawMode":0,"name":"Shaded","section":"Shading Mode"},"sceneLighting":false,"audioPlay":false,"sceneViewState":{"showFog":true,"showMaterialUpdate":false,"showSkybox":true,"showFlares":true,"showImageEffects":true,"showParticleSystems":true},"in2DMode":false,"pivot":{"x":201.9676055908203,"y":5.68173885345459,"z":123.20028686523438},"rotation":{"x":-0.003029030514881015,"y":0.9965391159057617,"z":0.07156486064195633,"w":0.04217931255698204},"size":22.735965728759767,"orthographic":false}